Lead SNP,# of LD Variants
rs140365013,420
rs58120505,908
rs1790135,760
rs12571643,813
rs4702,51
rs2710323,759
rs4298967,152
rs13107325,130
rs2139054,538
rs7779548,180
rs4950119,596
rs2902858,425
rs1378559,18
rs2190873,240
rs71312200,437
rs4129585,304
rs35274762,260
rs7709645,583
rs4766428,414
rs12042444,1357
rs3740400,1224
rs11680723,324
rs2970610,820
rs778371,379
rs1006945,339
rs12471454,460
rs7893279,369
rs56335113,218
rs3813567,508
rs12498839,51
rs61902811,208
rs10935184,1243
rs11539157,33
rs4936215,81
rs61937595,63
rs9607782,987
rs10035564,798
rs8101499,595
rs9925915,304
rs73219806,111
rs17731,81
rs11587347,66
rs7803571,412
rs35360904,145
rs10873538,744
rs16851048,278
rs2914983,814
rs74914300,191
rs9636107,237
rs732381,353
rs2057884,739
rs11632947,201
rs11638554,569
rs12925872,433
rs3016384,118
rs62334820,119
rs7238071,69
rs11083369,120
rs11693094,377
rs140001745,324
rs12541,104
rs7251,152
rs68002929,54
rs61833239,17
rs893949,13
rs12991836,38
rs72802887,1198
rs324017,137
rs11711948,449
rs12883788,132
rs3770752,251
rs7807720,343
rs73229090,106
rs4937935,240
rs959071,364
rs9545047,578
rs715170,42
rs5751191,530
rs77502336,51
rs4658401,449
rs6938026,302
rs177001,607
rs13090130,620
rs9674103,349
rs505061,467
rs61405217,878
rs17194490,269
rs187653,264
rs79210963,225
rs13016542,64
rs35734242,227
rs4328688,215
rs6471815,797
rs7830315,236
rs4043663,843
rs1399551,1075
rs12363019,483
rs1593304,156
rs2929278,756
rs12190758,238
rs11165846,285
rs298216,229
rs10767735,584
rs302317,109
rs10906984,386
rs1866862,318
rs9597388,577
rs1540840,81
rs217310,341
rs2696466,3279
rs59498392,281
rs72934602,148
rs2238304,304
rs72974238,384
rs2278515,158
rs61857878,245
rs167924,434
rs5943630,114
rs8048039,510
rs11619756,445
rs6125656,70
rs17571951,51
rs2944821,561
rs2252865,217
rs7701188,50
rs10086619,344
rs13080668,343
rs4678552,629
rs10894308,319
rs72723227,361
rs6804677,756
rs16940992,496
rs9398171,182
rs645383,685
rs7933981,38
rs1454606,698
rs77622099,275
rs9569820,558
rs61828917,743
rs28454198,82
rs72986630,28
rs56282503,61
rs6430491,121
rs12138231,692
rs12943566,523
rs1924378,147
rs115037896,1245
rs6538539,265
rs75329315,278
rs8134737,55
rs815609,887
rs4793888,109
rs12442456,262
rs6588168,150
rs6461561,226
rs13233308,175
rs6504163,68
rs11076631,885
rs2387414,133
rs2649999,359
rs1396728,400
rs5961395,509
rs34879738,280
rs2119242,222
rs3764002,88
rs6925079,1151
rs7113199,32
rs62183855,132
rs7592902,251
rs1856507,82
rs61789527,478
rs72978184,197
rs7699241,208
rs653765,656
rs79212538,136
rs8084351,1048
rs7515363,309
rs246024,778
rs62278591,605
rs999494,31
rs61786047,106
rs708228,499
rs9322058,208
rs2236989,163
rs10148671,236
rs61924144,119
rs215483,312
rs322124,172
rs4672366,178
rs28521069,452
rs11862968,475
rs1589726,691
rs12652777,471
rs10157075,139
rs7575796,18
rs2349487,101
rs252812,161
rs11209828,333
rs59971314,186
rs7604885,198
rs9896486,385
rs2686386,67
rs12126806,223
rs619091,62
rs9687282,182
rs1545660,492
rs7900775,301
rs9603649,196
rs11191373,699
rs4697446,126
rs578470,464
rs61920311,48
rs6546857,706
rs13293831,364
rs7141857,269
rs10985811,154
rs337718,455
rs6479494,469
rs61952922,365
rs144821294,141
rs3900555,286
rs39967,347
rs7531138,71
rs11647188,94
rs1434281,78
rs34181670,612
rs6989793,754
rs498591,93
rs12315638,388
rs7648272,265
rs3810450,62
rs12840919,232
rs876983,199
rs76462269,67
rs79445414,282
rs758749,52
rs7811528,82
rs220520,173
rs1604060,301
rs61973697,156
rs6010045,83
rs1144403,868
rs10777187,206
rs12476312,539
rs10861176,502
rs11263770,127
rs244908,370
rs329647,192
rs9470670,420
rs12950148,67
rs1881046,239
rs11715134,88
rs17247190,105
rs2241033,624
rs6484367,835
rs229362,304
rs117145318,176
rs2381411,157
rs12877581,23
rs12432904,182
rs3006926,348
rs1463209,836
rs72761691,152
rs11227250,370
rs7681616,1069
rs10860960,188
rs9390083,199
rs9454725,399
rs4653164,346
rs117178087,282
rs7804966,485
rs3909258,934
rs345906,66
rs2078266,17
rs7464611,126
rs2890914,271
rs9459170,172
rs10173857,333
rs35531336,198
rs113899647,196
rs7913461,457
rs11129383,298
rs2267921,507
rs28482891,212
rs10559,589
rs4339716,195
rs740076,404
rs10808292,132
rs12521434,264
rs2033996,349
rs9487653,535
rs55648125,208
rs7902292,40
rs12671608,21
rs59518103,232
rs1023330,246
rs80249955,14
rs72943392,231
rs11064369,130
rs6946576,363
rs1464492,927
